<?xml version="1.0" encoding="UTF-8"?>
<QCARConfig xmlns:xsi="http://www.w3.org/2001/XMLSchema-instance" xsi:noNamespaceSchemaLocation="qcar_config.xsd">
  <Tracking>
    <ImageTarget name="vr2" size="792.000000 1224.000000" />
    <ImageTarget name="vr" size="792.000000 1224.000000" />
    <ImageTarget name="promedio" size="792.000000 1224.000000" />
    <ImageTarget name="museoMar" size="792.000000 1224.000000" />
    <ImageTarget name="espacios" size="792.000000 1224.000000" />
    <ImageTarget name="arteCiencia" size="792.000000 1224.000000" />
    <ImageTarget name="zen" size="792.000000 1224.000000" />
    <ImageTarget name="impresion3D" size="792.000000 1208.233521" />
    <ImageTarget name="cosplay" size="792.000000 1208.233521" />
  </Tracking>
</QCARConfig>
